{
  "timestamp": "2026-03-20T02:51:19.989280",
  "algoritmo": "gradient_boosting",
  "n_muestras_test": 3959,
  "metricas": {
    "rmse": 0.457685014392963,
    "mae": 0.2864487703566257,
    "r2": 0.8300765975869911,
    "mse": 0.20947557239988676
  },
  "aprobado": true,
  "detalle_aprobacion": {
    "rmse": {
      "valor": 0.457685014392963,
      "umbral": 0.5,
      "aprobado": true,
      "condicion": "RMSE (0.4577) < 0.5"
    },
    "r2": {
      "valor": 0.8300765975869911,
      "umbral": 0.8,
      "aprobado": true,
      "condicion": "R\u00b2 (0.8301) > 0.8"
    }
  }
}